id;title;content;date
1;by;../fake-data/blob/hipster.txt;2024-03-22T00:28:27
2;unbend;../fake-data/blob/hipster.txt;2024-03-22T03:16:41
3;good-natured;../fake-data/blob/hipster.txt;2024-03-21T16:14:50
4;up coop;../fake-data/blob/hipster.txt;2024-03-22T02:37:14
5;plier athwart that;../fake-data/blob/hipster.txt;2024-03-21T15:53:14
6;frankly c-clamp;../fake-data/blob/hipster.txt;2024-03-22T02:30:55
7;since towards affinity;../fake-data/blob/hipster.txt;2024-03-21T18:44:38
8;though;../fake-data/blob/hipster.txt;2024-03-22T02:39:57
9;yahoo hm;../fake-data/blob/hipster.txt;2024-03-22T03:40:32
10;inferior alongside denationalise;../fake-data/blob/hipster.txt;2024-03-22T08:30:22
